type,title,label,pdf_url,source_page
document,COMAR Plus,COMAR Plus,https://www.comar.tn/sites/default/files/2025-08/Brochure%20COMAR%20Plus.pdf?downloadfile=1,https://www.comar.tn/documents-utiles
document,Voir les détails,Voir les détails,https://www.comar.tn/sites/default/files/2025-08/Brochure%20COMAR%20Plus.pdf,https://www.comar.tn/documents-utiles
document,Rapport Annuel COMAR 2024,Rapport Annuel COMAR 2024,https://www.comar.tn/sites/default/files/2025-05/RA%20COMAR%20FR%202024.pdf?downloadfile=1,https://www.comar.tn/documents-utiles
document,Voir les détails,Voir les détails,https://www.comar.tn/sites/default/files/2025-05/RA%20COMAR%20FR%202024.pdf,https://www.comar.tn/documents-utiles
document,RAP_COMAR_FR_2023.pdf,RAP_COMAR_FR_2023.pdf,https://www.comar.tn/sites/default/files/2024-12/RAP_COMAR_FR_2023.pdf?downloadfile=1,https://www.comar.tn/documents-utiles
document,Voir les détails,Voir les détails,https://www.comar.tn/sites/default/files/2024-12/RAP_COMAR_FR_2023.pdf,https://www.comar.tn/documents-utiles
document,RAP_COMAR_FR_2022_compressed.pdf,RAP_COMAR_FR_2022_compressed.pdf,https://www.comar.tn/sites/default/files/2024-04/RAP_COMAR_FR_2022_compressed.pdf?downloadfile=1,https://www.comar.tn/documents-utiles
document,Voir les détails,Voir les détails,https://www.comar.tn/sites/default/files/2024-04/RAP_COMAR_FR_2022_compressed.pdf,https://www.comar.tn/documents-utiles
document,Rapport RSE COMAR 2024,Rapport RSE COMAR 2024,https://www.comar.tn/sites/default/files/2025-06/RAPPORT%20RSE%20COMAR.pdf?downloadfile=1,https://www.comar.tn/documents-utiles
document,Voir les détails,Voir les détails,https://www.comar.tn/sites/default/files/2025-06/RAPPORT%20RSE%20COMAR.pdf,https://www.comar.tn/documents-utiles
document,RAP_COMAR_FR_2019 _compressed.pdf,RAP_COMAR_FR_2019 _compressed.pdf,https://www.comar.tn/sites/default/files/2024-04/RAP_COMAR_FR_2019%20_compressed.pdf?downloadfile=1,https://www.comar.tn/documents-utiles
document,Voir les détails,Voir les détails,https://www.comar.tn/sites/default/files/2024-04/RAP_COMAR_FR_2019%20_compressed.pdf,https://www.comar.tn/documents-utiles
document,Multirisque professionnelle,Multirisque professionnelle,https://www.comar.tn/sites/default/files/2020-01/MRP.pdf?downloadfile=1,https://www.comar.tn/documents-utiles
document,Voir les détails,Voir les détails,https://www.comar.tn/sites/default/files/2020-01/MRP.pdf,https://www.comar.tn/documents-utiles
document,Habitation MRH plus,Habitation MRH plus,https://www.comar.tn/sites/default/files/2020-01/MRH.pdf?downloadfile=1,https://www.comar.tn/documents-utiles
document,Voir les détails,Voir les détails,https://www.comar.tn/sites/default/files/2020-01/MRH.pdf,https://www.comar.tn/documents-utiles
document,Bulletin de soin,Bulletin de soin,https://www.comar.tn/sites/default/files/2024-03/BS%20finale%2019-05.pdf?downloadfile=1,https://www.comar.tn/documents-utiles
document,Voir les détails,Voir les détails,https://www.comar.tn/sites/default/files/2024-03/BS%20finale%2019-05.pdf,https://www.comar.tn/documents-utiles
document,COMAR SANTE INTERNATIONALE.pdf,COMAR SANTE INTERNATIONALE.pdf,https://www.comar.tn/sites/default/files/2018-09/COMAR%20SANTE%20INTERNATIONALE.pdf?downloadfile=1,https://www.comar.tn/documents-utiles
document,Voir les détails,Voir les détails,https://www.comar.tn/sites/default/files/2018-09/COMAR%20SANTE%20INTERNATIONALE.pdf,https://www.comar.tn/documents-utiles
